"STATION","NAME","DATE","PRCP","TAVG","TMAX","TMIN"
"NIM00065250","PORT HARCOURT INTERNATIONAL, NI","2020-01-01",,"26.4",,
"NIM00065250","PORT HARCOURT INTERNATIONAL, NI","2020-01-02",,"26.6",,
"NIM00065250","PORT HARCOURT INTERNATIONAL, NI","2020-01-03",,"24.9",,
"NIM00065250","PORT HARCOURT INTERNATIONAL, NI","2020-01-04",,"24.6",,
"NIM00065250","PORT HARCOURT INTERNATIONAL, NI","2020-01-05",,"26.8",,
"NIM00065250","PORT HARCOURT INTERNATIONAL, NI","2020-01-06",,"26.5",,
"NIM00065250","PORT HARCOURT INTERNATIONAL, NI","2020-01-07",,"27.6",,
"NIM00065250","PORT HARCOURT INTERNATIONAL, NI","2020-01-08",,"27.4",,
"NIM00065250","PORT HARCOURT INTERNATIONAL, NI","2020-01-09",,"26.7",,
"NIM00065250","PORT HARCOURT INTERNATIONAL, NI","2020-01-10",,"28.5",,
"NIM00065250","PORT HARCOURT INTERNATIONAL, NI","2020-01-11",,"26.7",,
"NIM00065250","PORT HARCOURT INTERNATIONAL, NI","2020-01-12",,"30.0",,
"NIM00065250","PORT HARCOURT INTERNATIONAL, NI","2020-01-13",,"29.7",,
"NIM00065250","PORT HARCOURT INTERNATIONAL, NI","2020-01-14",,"29.3",,
"NIM00065250","PORT HARCOURT INTERNATIONAL, NI","2020-01-15",,"29.6",,
"NIM00065250","PORT HARCOURT INTERNATIONAL, NI","2020-01-16",,"27.8",,
"NIM00065250","PORT HARCOURT INTERNATIONAL, NI","2020-01-17",,"27.6",,
"NIM00065250","PORT HARCOURT INTERNATIONAL, NI","2020-01-18",,"24.8",,
"NIM00065250","PORT HARCOURT INTERNATIONAL, NI","2020-01-19",,"27.1",,
"NIM00065250","PORT HARCOURT INTERNATIONAL, NI","2020-01-20",,"28.3",,
"NIM00065250","PORT HARCOURT INTERNATIONAL, NI","2020-01-21",,"28.7",,
"NIM00065250","PORT HARCOURT INTERNATIONAL, NI","2020-01-22",,"27.8",,
"NIM00065250","PORT HARCOURT INTERNATIONAL, NI","2020-01-23",,"27.7",,
"NIM00065250","PORT HARCOURT INTERNATIONAL, NI","2020-01-24",,"27.6",,
"NIM00065250","PORT HARCOURT INTERNATIONAL, NI","2020-01-25",,"25.9",,
"NIM00065250","PORT HARCOURT INTERNATIONAL, NI","2020-01-26",,"25.5",,
"NIM00065250","PORT HARCOURT INTERNATIONAL, NI","2020-01-27",,"24.8",,
"NIM00065250","PORT HARCOURT INTERNATIONAL, NI","2020-01-28",,"29.9","35.5",
"NIM00065250","PORT HARCOURT INTERNATIONAL, NI","2020-01-29",,"28.3",,"20.3"
"NIM00065250","PORT HARCOURT INTERNATIONAL, NI","2020-01-30",,"28.9","36.4","20.6"
"NIM00065250","PORT HARCOURT INTERNATIONAL, NI","2020-01-31",,"29.6","36.2",
"NIM00065250","PORT HARCOURT INTERNATIONAL, NI","2020-02-01",,"27.7","37.2",
"NIM00065250","PORT HARCOURT INTERNATIONAL, NI","2020-02-02",,"27.4",,"19.2"
"NIM00065250","PORT HARCOURT INTERNATIONAL, NI","2020-02-03",,"27.2",,"21.0"
"NIM00065250","PORT HARCOURT INTERNATIONAL, NI","2020-02-04",,"28.6","35.1","22.0"
"NIM00065250","PORT HARCOURT INTERNATIONAL, NI","2020-02-05",,"29.5","35.2","24.0"
"NIM00065250","PORT HARCOURT INTERNATIONAL, NI","2020-02-06",,"28.9","36.0",
"NIM00065250","PORT HARCOURT INTERNATIONAL, NI","2020-02-07",,"27.7",,
"NIM00065250","PORT HARCOURT INTERNATIONAL, NI","2020-02-08",,"28.2","36.4",
"NIM00065250","PORT HARCOURT INTERNATIONAL, NI","2020-02-09",,"28.0","35.5",
"NIM00065250","PORT HARCOURT INTERNATIONAL, NI","2020-02-10",,"28.8","36.1","24.0"
"NIM00065250","PORT HARCOURT INTERNATIONAL, NI","2020-02-11","0.0","27.2","36.4","21.7"
"NIM00065250","PORT HARCOURT INTERNATIONAL, NI","2020-02-12",,"27.9","36.2",
"NIM00065250","PORT HARCOURT INTERNATIONAL, NI","2020-02-13",,"30.0","37.4",
"NIM00065250","PORT HARCOURT INTERNATIONAL, NI","2020-02-14",,"30.2","37.4","21.5"
"NIM00065250","PORT HARCOURT INTERNATIONAL, NI","2020-02-15",,"29.6","36.0","22.9"
"NIM00065250","PORT HARCOURT INTERNATIONAL, NI","2020-02-16",,"30.2","36.0","23.9"
"NIM00065250","PORT HARCOURT INTERNATIONAL, NI","2020-02-17",,"30.6","36.3","25.0"
"NIM00065250","PORT HARCOURT INTERNATIONAL, NI","2020-02-18",,"29.4","35.0",
"NIM00065250","PORT HARCOURT INTERNATIONAL, NI","2020-02-19",,"28.8","36.0",
"NIM00065250","PORT HARCOURT INTERNATIONAL, NI","2020-02-20",,"30.7","38.0",
"NIM00065250","PORT HARCOURT INTERNATIONAL, NI","2020-02-21",,"30.9","37.8","24.0"
"NIM00065250","PORT HARCOURT INTERNATIONAL, NI","2020-02-22",,"31.1","37.8",
"NIM00065250","PORT HARCOURT INTERNATIONAL, NI","2020-02-23",,"31.1","38.2","25.0"
"NIM00065250","PORT HARCOURT INTERNATIONAL, NI","2020-02-24",,"31.3",,
"NIM00065250","PORT HARCOURT INTERNATIONAL, NI","2020-02-25",,"28.9","37.3",
"NIM00065250","PORT HARCOURT INTERNATIONAL, NI","2020-02-26",,"31.4",,"23.5"
"NIM00065250","PORT HARCOURT INTERNATIONAL, NI","2020-02-27",,"29.1","37.4",
"NIM00065250","PORT HARCOURT INTERNATIONAL, NI","2020-02-28",,"30.9","36.8",
"NIM00065250","PORT HARCOURT INTERNATIONAL, NI","2020-02-29",,"29.6","37.5",
"NIM00065250","PORT HARCOURT INTERNATIONAL, NI","2020-03-01",,"28.8","37.5","24.6"
"NIM00065250","PORT HARCOURT INTERNATIONAL, NI","2020-03-02",,"29.1",,
"NIM00065250","PORT HARCOURT INTERNATIONAL, NI","2020-03-03",,"29.6","36.6","24.0"
"NIM00065250","PORT HARCOURT INTERNATIONAL, NI","2020-03-04",,"29.5",,
"NIM00065250","PORT HARCOURT INTERNATIONAL, NI","2020-03-05",,"29.8",,
"NIM00065250","PORT HARCOURT INTERNATIONAL, NI","2020-03-06",,"29.0","35.6",
"NIM00065250","PORT HARCOURT INTERNATIONAL, NI","2020-03-07",,"27.6","35.8",
"NIM00065250","PORT HARCOURT INTERNATIONAL, NI","2020-03-08",,"29.3",,
"NIM00065250","PORT HARCOURT INTERNATIONAL, NI","2020-03-09",,"27.7",,
"NIM00065250","PORT HARCOURT INTERNATIONAL, NI","2020-03-10",,"30.3",,"23.9"
"NIM00065250","PORT HARCOURT INTERNATIONAL, NI","2020-03-11",,"27.8","32.4",
"NIM00065250","PORT HARCOURT INTERNATIONAL, NI","2020-03-12",,"29.3","34.0",
"NIM00065250","PORT HARCOURT INTERNATIONAL, NI","2020-03-13",,"28.4",,
"NIM00065250","PORT HARCOURT INTERNATIONAL, NI","2020-03-14",,"30.5","35.2",
"NIM00065250","PORT HARCOURT INTERNATIONAL, NI","2020-03-15",,"30.1",,
"NIM00065250","PORT HARCOURT INTERNATIONAL, NI","2020-03-16",,"30.4",,
"NIM00065250","PORT HARCOURT INTERNATIONAL, NI","2020-03-17",,"30.9",,"26.5"
"NIM00065250","PORT HARCOURT INTERNATIONAL, NI","2020-03-18",,"30.8",,"26.0"
"NIM00065250","PORT HARCOURT INTERNATIONAL, NI","2020-03-19",,"30.1","36.2","26.0"
"NIM00065250","PORT HARCOURT INTERNATIONAL, NI","2020-03-20",,"29.2","33.3",
"NIM00065250","PORT HARCOURT INTERNATIONAL, NI","2020-03-21",,"28.4",,
"NIM00065250","PORT HARCOURT INTERNATIONAL, NI","2020-03-22",,"28.8",,
"NIM00065250","PORT HARCOURT INTERNATIONAL, NI","2020-03-23",,"28.2",,
"NIM00065250","PORT HARCOURT INTERNATIONAL, NI","2020-03-24",,"26.1","31.0","23.0"
"NIM00065250","PORT HARCOURT INTERNATIONAL, NI","2020-03-25",,"26.7",,
"NIM00065250","PORT HARCOURT INTERNATIONAL, NI","2020-03-26",,"27.0",,
"NIM00065250","PORT HARCOURT INTERNATIONAL, NI","2020-03-27",,"31.3",,
"NIM00065250","PORT HARCOURT INTERNATIONAL, NI","2020-03-28",,"30.2",,
"NIM00065250","PORT HARCOURT INTERNATIONAL, NI","2020-03-29",,"29.5","35.0","26.0"
"NIM00065250","PORT HARCOURT INTERNATIONAL, NI","2020-03-30",,"28.8","33.1",
"NIM00065250","PORT HARCOURT INTERNATIONAL, NI","2020-03-31",,"26.3",,"22.0"
"NIM00065250","PORT HARCOURT INTERNATIONAL, NI","2020-04-01","15.0","24.4","28.0",
"NIM00065250","PORT HARCOURT INTERNATIONAL, NI","2020-04-02","0.0","28.6",,
"NIM00065250","PORT HARCOURT INTERNATIONAL, NI","2020-04-03",,"28.6","34.4",
"NIM00065250","PORT HARCOURT INTERNATIONAL, NI","2020-04-04",,"25.2",,
"NIM00065250","PORT HARCOURT INTERNATIONAL, NI","2020-04-05",,"29.4","34.0",
"NIM00065250","PORT HARCOURT INTERNATIONAL, NI","2020-04-06",,"27.0",,
"NIM00065250","PORT HARCOURT INTERNATIONAL, NI","2020-04-07",,"28.7","33.5","24.0"
"NIM00065250","PORT HARCOURT INTERNATIONAL, NI","2020-04-08",,"26.2","33.5","22.1"
"NIM00065250","PORT HARCOURT INTERNATIONAL, NI","2020-04-09",,"28.3","32.1",
"NIM00065250","PORT HARCOURT INTERNATIONAL, NI","2020-04-10",,"29.2",,"24.2"
"NIM00065250","PORT HARCOURT INTERNATIONAL, NI","2020-04-12",,"28.5","34.5",
"NIM00065250","PORT HARCOURT INTERNATIONAL, NI","2020-04-13",,"29.6","33.8",
"NIM00065250","PORT HARCOURT INTERNATIONAL, NI","2020-04-14",,"28.9","34.5",
"NIM00065250","PORT HARCOURT INTERNATIONAL, NI","2020-04-15",,"30.6",,"24.7"
"NIM00065250","PORT HARCOURT INTERNATIONAL, NI","2020-04-16",,"29.1","33.4",
"NIM00065250","PORT HARCOURT INTERNATIONAL, NI","2020-04-17",,"26.9",,
"NIM00065250","PORT HARCOURT INTERNATIONAL, NI","2020-04-18",,"32.0",,
"NIM00065250","PORT HARCOURT INTERNATIONAL, NI","2020-04-19",,"25.7",,
"NIM00065250","PORT HARCOURT INTERNATIONAL, NI","2020-04-20",,"30.0",,
"NIM00065250","PORT HARCOURT INTERNATIONAL, NI","2020-04-21",,"29.1",,
"NIM00065250","PORT HARCOURT INTERNATIONAL, NI","2020-04-22",,"28.5",,
"NIM00065250","PORT HARCOURT INTERNATIONAL, NI","2020-04-23",,"27.7",,
"NIM00065250","PORT HARCOURT INTERNATIONAL, NI","2020-04-24",,"27.3",,
"NIM00065250","PORT HARCOURT INTERNATIONAL, NI","2020-04-25",,"27.2",,
"NIM00065250","PORT HARCOURT INTERNATIONAL, NI","2020-04-26",,"27.9",,
"NIM00065250","PORT HARCOURT INTERNATIONAL, NI","2020-04-27",,"27.7",,
"NIM00065250","PORT HARCOURT INTERNATIONAL, NI","2020-04-28","42.9","27.9",,"22.0"
"NIM00065250","PORT HARCOURT INTERNATIONAL, NI","2020-04-29","0.0","29.2","34.2",
"NIM00065250","PORT HARCOURT INTERNATIONAL, NI","2020-04-30",,"27.1","34.2",
"NIM00065250","PORT HARCOURT INTERNATIONAL, NI","2020-05-01",,"28.9",,"23.6"
"NIM00065250","PORT HARCOURT INTERNATIONAL, NI","2020-05-02",,"29.5",,"25.0"
"NIM00065250","PORT HARCOURT INTERNATIONAL, NI","2020-05-03",,"27.7","32.4",
"NIM00065250","PORT HARCOURT INTERNATIONAL, NI","2020-05-04",,"28.6",,
"NIM00065250","PORT HARCOURT INTERNATIONAL, NI","2020-05-05",,"28.0","34.7",
"NIM00065250","PORT HARCOURT INTERNATIONAL, NI","2020-05-06",,"27.0","33.0",
"NIM00065250","PORT HARCOURT INTERNATIONAL, NI","2020-05-07",,"27.9",,
"NIM00065250","PORT HARCOURT INTERNATIONAL, NI","2020-05-08",,"27.4",,
"NIM00065250","PORT HARCOURT INTERNATIONAL, NI","2020-05-10",,"29.1","31.2",
"NIM00065250","PORT HARCOURT INTERNATIONAL, NI","2020-05-11",,"28.7",,
"NIM00065250","PORT HARCOURT INTERNATIONAL, NI","2020-05-12",,"28.5",,
"NIM00065250","PORT HARCOURT INTERNATIONAL, NI","2020-05-13",,"28.2",,
"NIM00065250","PORT HARCOURT INTERNATIONAL, NI","2020-05-14",,"28.6",,"23.0"
"NIM00065250","PORT HARCOURT INTERNATIONAL, NI","2020-05-15",,"26.8","35.0","23.6"
"NIM00065250","PORT HARCOURT INTERNATIONAL, NI","2020-05-16",,"27.6",,"24.0"
"NIM00065250","PORT HARCOURT INTERNATIONAL, NI","2020-05-17",,"28.0",,
"NIM00065250","PORT HARCOURT INTERNATIONAL, NI","2020-05-18",,"27.7",,"24.4"
"NIM00065250","PORT HARCOURT INTERNATIONAL, NI","2020-05-19",,"28.2",,"23.4"
"NIM00065250","PORT HARCOURT INTERNATIONAL, NI","2020-05-20",,"26.8",,
"NIM00065250","PORT HARCOURT INTERNATIONAL, NI","2020-05-21","1.0","29.2",,"24.5"
"NIM00065250","PORT HARCOURT INTERNATIONAL, NI","2020-05-22","0.0","26.6",,
"NIM00065250","PORT HARCOURT INTERNATIONAL, NI","2020-05-23",,"25.9","31.0","23.0"
"NIM00065250","PORT HARCOURT INTERNATIONAL, NI","2020-05-24",,"27.9",,"23.5"
"NIM00065250","PORT HARCOURT INTERNATIONAL, NI","2020-05-25",,"27.7","31.5","22.2"
"NIM00065250","PORT HARCOURT INTERNATIONAL, NI","2020-05-26",,"28.7",,
"NIM00065250","PORT HARCOURT INTERNATIONAL, NI","2020-05-27",,"28.6",,
"NIM00065250","PORT HARCOURT INTERNATIONAL, NI","2020-05-28",,"27.9",,
"NIM00065250","PORT HARCOURT INTERNATIONAL, NI","2020-05-29",,"27.4","30.2",
"NIM00065250","PORT HARCOURT INTERNATIONAL, NI","2020-05-30",,"26.8",,"23.7"
"NIM00065250","PORT HARCOURT INTERNATIONAL, NI","2020-05-31",,"28.7",,
"NIM00065250","PORT HARCOURT INTERNATIONAL, NI","2020-06-01",,"26.4",,"25.0"
"NIM00065250","PORT HARCOURT INTERNATIONAL, NI","2020-06-02",,"29.1","31.4",
"NIM00065250","PORT HARCOURT INTERNATIONAL, NI","2020-06-03",,"28.8",,
"NIM00065250","PORT HARCOURT INTERNATIONAL, NI","2020-06-04",,"26.8",,"22.1"
"NIM00065250","PORT HARCOURT INTERNATIONAL, NI","2020-06-05",,"26.4",,
"NIM00065250","PORT HARCOURT INTERNATIONAL, NI","2020-06-06",,"27.1",,"22.6"
"NIM00065250","PORT HARCOURT INTERNATIONAL, NI","2020-06-07",,"26.9","31.7",
"NIM00065250","PORT HARCOURT INTERNATIONAL, NI","2020-06-08","0.3","25.2","29.6",
"NIM00065250","PORT HARCOURT INTERNATIONAL, NI","2020-06-09","0.0","27.1","31.0","23.4"
"NIM00065250","PORT HARCOURT INTERNATIONAL, NI","2020-06-10",,"27.2","32.2",
"NIM00065250","PORT HARCOURT INTERNATIONAL, NI","2020-06-11",,"24.9","33.2",
"NIM00065250","PORT HARCOURT INTERNATIONAL, NI","2020-06-12",,"26.2","30.4",
"NIM00065250","PORT HARCOURT INTERNATIONAL, NI","2020-06-13",,"25.7",,"22.8"
"NIM00065250","PORT HARCOURT INTERNATIONAL, NI","2020-06-14","5.1","26.0",,"24.4"
"NIM00065250","PORT HARCOURT INTERNATIONAL, NI","2020-06-15","0.0","27.7",,
"NIM00065250","PORT HARCOURT INTERNATIONAL, NI","2020-06-16",,"25.9",,
"NIM00065250","PORT HARCOURT INTERNATIONAL, NI","2020-06-17",,"25.6",,
"NIM00065250","PORT HARCOURT INTERNATIONAL, NI","2020-06-18",,"26.3","30.2","22.4"
"NIM00065250","PORT HARCOURT INTERNATIONAL, NI","2020-06-19","0.0","27.2",,"22.9"
"NIM00065250","PORT HARCOURT INTERNATIONAL, NI","2020-06-20",,"26.2","32.5",
"NIM00065250","PORT HARCOURT INTERNATIONAL, NI","2020-06-21",,"26.3",,
"NIM00065250","PORT HARCOURT INTERNATIONAL, NI","2020-06-22",,"25.5",,
"NIM00065250","PORT HARCOURT INTERNATIONAL, NI","2020-06-24",,"24.5","29.3",
"NIM00065250","PORT HARCOURT INTERNATIONAL, NI","2020-06-25",,"25.8",,"21.1"
"NIM00065250","PORT HARCOURT INTERNATIONAL, NI","2020-06-26",,"27.1","30.0",
"NIM00065250","PORT HARCOURT INTERNATIONAL, NI","2020-06-27",,"25.4",,"22.7"
"NIM00065250","PORT HARCOURT INTERNATIONAL, NI","2020-06-28","0.0","25.9","30.4",
"NIM00065250","PORT HARCOURT INTERNATIONAL, NI","2020-06-29",,"25.5","31.7",
"NIM00065250","PORT HARCOURT INTERNATIONAL, NI","2020-06-30",,"27.0",,
"NIM00065250","PORT HARCOURT INTERNATIONAL, NI","2020-07-01",,"25.7",,"23.6"
"NIM00065250","PORT HARCOURT INTERNATIONAL, NI","2020-07-03",,"25.6","28.2",
"NIM00065250","PORT HARCOURT INTERNATIONAL, NI","2020-07-04","47.0","24.3","27.4",
"NIM00065250","PORT HARCOURT INTERNATIONAL, NI","2020-07-05","10.9","25.3","31.6",
"NIM00065250","PORT HARCOURT INTERNATIONAL, NI","2020-07-06","0.0","26.0","31.4",
"NIM00065250","PORT HARCOURT INTERNATIONAL, NI","2020-07-07","56.9","23.9",,
"NIM00065250","PORT HARCOURT INTERNATIONAL, NI","2020-07-08","38.1","25.9","29.5","22.1"
"NIM00065250","PORT HARCOURT INTERNATIONAL, NI","2020-07-09","1.0","26.9","29.3","23.4"
"NIM00065250","PORT HARCOURT INTERNATIONAL, NI","2020-07-10","0.0","24.8",,
"NIM00065250","PORT HARCOURT INTERNATIONAL, NI","2020-07-11","12.4","24.8","29.1","22.8"
"NIM00065250","PORT HARCOURT INTERNATIONAL, NI","2020-07-12",,"24.6",,"21.2"
"NIM00065250","PORT HARCOURT INTERNATIONAL, NI","2020-07-13",,"24.9",,
"NIM00065250","PORT HARCOURT INTERNATIONAL, NI","2020-07-14",,"25.3","28.5",
"NIM00065250","PORT HARCOURT INTERNATIONAL, NI","2020-07-16",,"24.1","29.1",
"NIM00065250","PORT HARCOURT INTERNATIONAL, NI","2020-07-17",,"25.2",,"22.0"
"NIM00065250","PORT HARCOURT INTERNATIONAL, NI","2020-07-18",,"26.3","30.4",
"NIM00065250","PORT HARCOURT INTERNATIONAL, NI","2020-07-19",,"24.3",,
"NIM00065250","PORT HARCOURT INTERNATIONAL, NI","2020-07-20","21.1","24.4","28.5",
"NIM00065250","PORT HARCOURT INTERNATIONAL, NI","2020-07-21","8.9","25.7",,
"NIM00065250","PORT HARCOURT INTERNATIONAL, NI","2020-07-22","0.0","25.3",,"22.1"
"NIM00065250","PORT HARCOURT INTERNATIONAL, NI","2020-07-23","47.0","25.3",,
"NIM00065250","PORT HARCOURT INTERNATIONAL, NI","2020-07-24",,"26.3",,"23.0"
"NIM00065250","PORT HARCOURT INTERNATIONAL, NI","2020-07-25",,"25.1",,
"NIM00065250","PORT HARCOURT INTERNATIONAL, NI","2020-07-26",,"25.2","29.8","22.6"
"NIM00065250","PORT HARCOURT INTERNATIONAL, NI","2020-07-27","21.1","23.9","26.0",
"NIM00065250","PORT HARCOURT INTERNATIONAL, NI","2020-07-28",,"23.4",,"22.0"
"NIM00065250","PORT HARCOURT INTERNATIONAL, NI","2020-07-29","5.1","27.0",,
"NIM00065250","PORT HARCOURT INTERNATIONAL, NI","2020-07-30","0.0","24.8","28.4",
"NIM00065250","PORT HARCOURT INTERNATIONAL, NI","2020-07-31",,"25.8",,"22.8"
"NIM00065250","PORT HARCOURT INTERNATIONAL, NI","2020-08-01",,"27.1","30.7",
"NIM00065250","PORT HARCOURT INTERNATIONAL, NI","2020-08-02",,"25.7",,
"NIM00065250","PORT HARCOURT INTERNATIONAL, NI","2020-08-03",,"25.4","30.5","23.0"
"NIM00065250","PORT HARCOURT INTERNATIONAL, NI","2020-08-04",,"27.8",,
"NIM00065250","PORT HARCOURT INTERNATIONAL, NI","2020-08-05",,"26.6","31.0","19.6"
"NIM00065250","PORT HARCOURT INTERNATIONAL, NI","2020-08-06",,"25.7",,"20.2"
"NIM00065250","PORT HARCOURT INTERNATIONAL, NI","2020-08-07",,"25.4","29.4",
"NIM00065250","PORT HARCOURT INTERNATIONAL, NI","2020-08-08",,"27.2",,
"NIM00065250","PORT HARCOURT INTERNATIONAL, NI","2020-08-09",,"26.7",,"23.0"
"NIM00065250","PORT HARCOURT INTERNATIONAL, NI","2020-08-10",,"27.4","31.3",
"NIM00065250","PORT HARCOURT INTERNATIONAL, NI","2020-08-11",,"26.4","32.1",
"NIM00065250","PORT HARCOURT INTERNATIONAL, NI","2020-08-12",,"26.9","32.8","21.7"
"NIM00065250","PORT HARCOURT INTERNATIONAL, NI","2020-08-13",,"27.2",,"22.0"
"NIM00065250","PORT HARCOURT INTERNATIONAL, NI","2020-08-14",,"27.8",,
"NIM00065250","PORT HARCOURT INTERNATIONAL, NI","2020-08-15",,"24.8",,"23.0"
"NIM00065250","PORT HARCOURT INTERNATIONAL, NI","2020-08-16",,"26.3","30.7","23.1"
"NIM00065250","PORT HARCOURT INTERNATIONAL, NI","2020-08-17",,"26.2",,
"NIM00065250","PORT HARCOURT INTERNATIONAL, NI","2020-08-18",,"26.3",,
"NIM00065250","PORT HARCOURT INTERNATIONAL, NI","2020-08-19",,"25.7","30.7","23.6"
"NIM00065250","PORT HARCOURT INTERNATIONAL, NI","2020-08-20",,"26.2","29.8","23.6"
"NIM00065250","PORT HARCOURT INTERNATIONAL, NI","2020-08-21",,"24.9","28.8",
"NIM00065250","PORT HARCOURT INTERNATIONAL, NI","2020-08-22",,"26.2","31.0",
"NIM00065250","PORT HARCOURT INTERNATIONAL, NI","2020-08-23","0.0","25.4",,"23.2"
"NIM00065250","PORT HARCOURT INTERNATIONAL, NI","2020-08-24",,"26.9","30.4",
"NIM00065250","PORT HARCOURT INTERNATIONAL, NI","2020-08-25",,"25.9",,"19.8"
"NIM00065250","PORT HARCOURT INTERNATIONAL, NI","2020-08-26",,"28.4","32.5",
"NIM00065250","PORT HARCOURT INTERNATIONAL, NI","2020-08-27",,"27.1","32.0","23.0"
"NIM00065250","PORT HARCOURT INTERNATIONAL, NI","2020-08-28",,"25.2","28.2",
"NIM00065250","PORT HARCOURT INTERNATIONAL, NI","2020-08-29",,"25.8",,
"NIM00065250","PORT HARCOURT INTERNATIONAL, NI","2020-08-30",,"26.6",,
"NIM00065250","PORT HARCOURT INTERNATIONAL, NI","2020-08-31",,"25.2",,
"NIM00065250","PORT HARCOURT INTERNATIONAL, NI","2020-09-01",,"24.9",,
"NIM00065250","PORT HARCOURT INTERNATIONAL, NI","2020-09-04",,"24.7",,"21.4"
"NIM00065250","PORT HARCOURT INTERNATIONAL, NI","2020-09-05",,"23.6","29.2",
"NIM00065250","PORT HARCOURT INTERNATIONAL, NI","2020-09-06",,"27.2",,"22.7"
"NIM00065250","PORT HARCOURT INTERNATIONAL, NI","2020-09-07",,"28.3",,"23.6"
"NIM00065250","PORT HARCOURT INTERNATIONAL, NI","2020-09-08","43.9","25.6",,"23.8"
"NIM00065250","PORT HARCOURT INTERNATIONAL, NI","2020-09-09",,"25.2",,
"NIM00065250","PORT HARCOURT INTERNATIONAL, NI","2020-09-10","4.1","26.5","30.6","22.4"
"NIM00065250","PORT HARCOURT INTERNATIONAL, NI","2020-09-11","0.0","26.2",,
"NIM00065250","PORT HARCOURT INTERNATIONAL, NI","2020-09-12",,"25.1",,"23.2"
"NIM00065250","PORT HARCOURT INTERNATIONAL, NI","2020-09-13","7.9","25.0",,
"NIM00065250","PORT HARCOURT INTERNATIONAL, NI","2020-09-14",,"26.0","28.2","23.7"
"NIM00065250","PORT HARCOURT INTERNATIONAL, NI","2020-09-15",,"24.4","28.4",
"NIM00065250","PORT HARCOURT INTERNATIONAL, NI","2020-09-16",,"24.7","28.4",
"NIM00065250","PORT HARCOURT INTERNATIONAL, NI","2020-09-17",,"27.4",,
"NIM00065250","PORT HARCOURT INTERNATIONAL, NI","2020-09-18",,"26.1","29.1",
"NIM00065250","PORT HARCOURT INTERNATIONAL, NI","2020-09-19",,"25.5",,"23.6"
"NIM00065250","PORT HARCOURT INTERNATIONAL, NI","2020-09-20",,"25.8",,
"NIM00065250","PORT HARCOURT INTERNATIONAL, NI","2020-09-21",,"24.9","27.2",
"NIM00065250","PORT HARCOURT INTERNATIONAL, NI","2020-09-22",,"26.7","32.0",
"NIM00065250","PORT HARCOURT INTERNATIONAL, NI","2020-09-23",,"25.2",,
"NIM00065250","PORT HARCOURT INTERNATIONAL, NI","2020-09-24",,"24.4","30.0","21.0"
"NIM00065250","PORT HARCOURT INTERNATIONAL, NI","2020-09-25",,"26.3",,
"NIM00065250","PORT HARCOURT INTERNATIONAL, NI","2020-09-26",,"25.2",,"22.7"
"NIM00065250","PORT HARCOURT INTERNATIONAL, NI","2020-09-27",,"25.3","28.8",
"NIM00065250","PORT HARCOURT INTERNATIONAL, NI","2020-09-28",,"26.4",,
"NIM00065250","PORT HARCOURT INTERNATIONAL, NI","2020-09-29",,"25.7","28.1",
"NIM00065250","PORT HARCOURT INTERNATIONAL, NI","2020-09-30","8.9","26.0",,
"NIM00065250","PORT HARCOURT INTERNATIONAL, NI","2020-10-01","0.0","26.3","29.5",
"NIM00065250","PORT HARCOURT INTERNATIONAL, NI","2020-10-02",,"26.9",,"23.8"
"NIM00065250","PORT HARCOURT INTERNATIONAL, NI","2020-10-03",,"26.9",,
"NIM00065250","PORT HARCOURT INTERNATIONAL, NI","2020-10-04",,"25.2",,
"NIM00065250","PORT HARCOURT INTERNATIONAL, NI","2020-10-05",,"25.8",,
"NIM00065250","PORT HARCOURT INTERNATIONAL, NI","2020-10-06",,"23.9",,
"NIM00065250","PORT HARCOURT INTERNATIONAL, NI","2020-10-07",,"23.9",,
"NIM00065250","PORT HARCOURT INTERNATIONAL, NI","2020-10-09",,"25.5",,
"NIM00065250","PORT HARCOURT INTERNATIONAL, NI","2020-10-10",,"27.1",,
"NIM00065250","PORT HARCOURT INTERNATIONAL, NI","2020-10-11",,"26.7","31.5",
"NIM00065250","PORT HARCOURT INTERNATIONAL, NI","2020-10-12",,"25.6",,"22.5"
"NIM00065250","PORT HARCOURT INTERNATIONAL, NI","2020-10-13",,"26.1",,
"NIM00065250","PORT HARCOURT INTERNATIONAL, NI","2020-10-14",,"26.8","32.2","23.0"
"NIM00065250","PORT HARCOURT INTERNATIONAL, NI","2020-10-15",,"26.3","32.1","23.4"
"NIM00065250","PORT HARCOURT INTERNATIONAL, NI","2020-10-16",,"25.8","31.0",
"NIM00065250","PORT HARCOURT INTERNATIONAL, NI","2020-10-17",,"25.4","29.4",
"NIM00065250","PORT HARCOURT INTERNATIONAL, NI","2020-10-18",,"27.7",,"22.1"
"NIM00065250","PORT HARCOURT INTERNATIONAL, NI","2020-10-19",,"25.9",,
"NIM00065250","PORT HARCOURT INTERNATIONAL, NI","2020-10-20",,"26.4",,"22.8"
"NIM00065250","PORT HARCOURT INTERNATIONAL, NI","2020-10-21",,"27.3","32.0",
"NIM00065250","PORT HARCOURT INTERNATIONAL, NI","2020-10-22",,"28.0","33.8","23.0"
"NIM00065250","PORT HARCOURT INTERNATIONAL, NI","2020-10-23",,"27.4","32.4",
"NIM00065250","PORT HARCOURT INTERNATIONAL, NI","2020-10-24",,"25.6","31.0",
"NIM00065250","PORT HARCOURT INTERNATIONAL, NI","2020-10-25",,"26.9",,"22.6"
"NIM00065250","PORT HARCOURT INTERNATIONAL, NI","2020-10-26",,"26.6","32.0","23.0"
"NIM00065250","PORT HARCOURT INTERNATIONAL, NI","2020-10-27",,"26.2",,
"NIM00065250","PORT HARCOURT INTERNATIONAL, NI","2020-10-28",,"27.2",,
"NIM00065250","PORT HARCOURT INTERNATIONAL, NI","2020-10-29",,"26.3","29.2",
"NIM00065250","PORT HARCOURT INTERNATIONAL, NI","2020-10-30",,"26.4",,"20.8"
"NIM00065250","PORT HARCOURT INTERNATIONAL, NI","2020-10-31",,"26.0","30.2",
"NIM00065250","PORT HARCOURT INTERNATIONAL, NI","2020-11-01",,"26.6","31.2",
"NIM00065250","PORT HARCOURT INTERNATIONAL, NI","2020-11-02",,"27.9","32.2",
"NIM00065250","PORT HARCOURT INTERNATIONAL, NI","2020-11-03",,"26.2",,"22.4"
"NIM00065250","PORT HARCOURT INTERNATIONAL, NI","2020-11-04",,"26.1",,"23.2"
"NIM00065250","PORT HARCOURT INTERNATIONAL, NI","2020-11-05",,"28.0","32.7","23.8"
"NIM00065250","PORT HARCOURT INTERNATIONAL, NI","2020-11-06",,"26.1",,
"NIM00065250","PORT HARCOURT INTERNATIONAL, NI","2020-11-07",,"26.2",,
"NIM00065250","PORT HARCOURT INTERNATIONAL, NI","2020-11-08",,"25.2","32.1",
"NIM00065250","PORT HARCOURT INTERNATIONAL, NI","2020-11-09",,"26.6",,
"NIM00065250","PORT HARCOURT INTERNATIONAL, NI","2020-11-10",,"25.5","33.0",
"NIM00065250","PORT HARCOURT INTERNATIONAL, NI","2020-11-11","14.0","25.1","30.6","22.4"
"NIM00065250","PORT HARCOURT INTERNATIONAL, NI","2020-11-12",,"27.4","33.1","21.0"
"NIM00065250","PORT HARCOURT INTERNATIONAL, NI","2020-11-13",,"28.3",,
"NIM00065250","PORT HARCOURT INTERNATIONAL, NI","2020-11-14",,"27.7",,
"NIM00065250","PORT HARCOURT INTERNATIONAL, NI","2020-11-15",,"26.7","32.0",
"NIM00065250","PORT HARCOURT INTERNATIONAL, NI","2020-11-16",,"28.1",,"22.0"
"NIM00065250","PORT HARCOURT INTERNATIONAL, NI","2020-11-17",,"26.3","32.1","23.8"
"NIM00065250","PORT HARCOURT INTERNATIONAL, NI","2020-11-18",,"26.6","32.5",
"NIM00065250","PORT HARCOURT INTERNATIONAL, NI","2020-11-19",,"28.8",,"21.7"
"NIM00065250","PORT HARCOURT INTERNATIONAL, NI","2020-11-20",,"28.0","33.0",
"NIM00065250","PORT HARCOURT INTERNATIONAL, NI","2020-11-21",,"27.3",,
"NIM00065250","PORT HARCOURT INTERNATIONAL, NI","2020-11-22",,"29.4",,
"NIM00065250","PORT HARCOURT INTERNATIONAL, NI","2020-11-23",,"27.9","33.4","22.2"
"NIM00065250","PORT HARCOURT INTERNATIONAL, NI","2020-11-24",,"27.1",,
"NIM00065250","PORT HARCOURT INTERNATIONAL, NI","2020-11-25",,"26.4","31.0",
"NIM00065250","PORT HARCOURT INTERNATIONAL, NI","2020-11-26",,"26.8","32.0","24.0"
"NIM00065250","PORT HARCOURT INTERNATIONAL, NI","2020-11-27",,"26.8","32.4",
"NIM00065250","PORT HARCOURT INTERNATIONAL, NI","2020-11-28",,"25.3","31.0","21.8"
"NIM00065250","PORT HARCOURT INTERNATIONAL, NI","2020-11-29",,"28.3","34.0",
"NIM00065250","PORT HARCOURT INTERNATIONAL, NI","2020-11-30",,"27.8","34.0",
"NIM00065250","PORT HARCOURT INTERNATIONAL, NI","2020-12-01",,"30.0","34.6",
"NIM00065250","PORT HARCOURT INTERNATIONAL, NI","2020-12-02",,"29.8","34.2","23.0"
"NIM00065250","PORT HARCOURT INTERNATIONAL, NI","2020-12-03",,"28.3","34.7",
"NIM00065250","PORT HARCOURT INTERNATIONAL, NI","2020-12-04",,"28.3",,"22.8"
"NIM00065250","PORT HARCOURT INTERNATIONAL, NI","2020-12-05",,"28.2","34.0","22.4"
"NIM00065250","PORT HARCOURT INTERNATIONAL, NI","2020-12-06",,"27.1","31.0",
"NIM00065250","PORT HARCOURT INTERNATIONAL, NI","2020-12-07",,"27.0",,
"NIM00065250","PORT HARCOURT INTERNATIONAL, NI","2020-12-08",,"26.3","34.2","20.4"
"NIM00065250","PORT HARCOURT INTERNATIONAL, NI","2020-12-09",,"27.1","33.2","22.8"
"NIM00065250","PORT HARCOURT INTERNATIONAL, NI","2020-12-10",,"26.5","28.0","23.0"
"NIM00065250","PORT HARCOURT INTERNATIONAL, NI","2020-12-11",,"27.6","33.2",
"NIM00065250","PORT HARCOURT INTERNATIONAL, NI","2020-12-12",,"25.3","31.4","22.8"
"NIM00065250","PORT HARCOURT INTERNATIONAL, NI","2020-12-13",,"26.1",,"20.8"
"NIM00065250","PORT HARCOURT INTERNATIONAL, NI","2020-12-14",,"26.2",,"21.6"
"NIM00065250","PORT HARCOURT INTERNATIONAL, NI","2020-12-15",,"26.6","33.6","21.6"
"NIM00065250","PORT HARCOURT INTERNATIONAL, NI","2020-12-16",,"26.8","33.0","21.2"
"NIM00065250","PORT HARCOURT INTERNATIONAL, NI","2020-12-17",,"28.7","35.0","22.9"
"NIM00065250","PORT HARCOURT INTERNATIONAL, NI","2020-12-18",,"28.6","33.4",
"NIM00065250","PORT HARCOURT INTERNATIONAL, NI","2020-12-19",,"29.1",,
"NIM00065250","PORT HARCOURT INTERNATIONAL, NI","2020-12-20",,"28.6",,
"NIM00065250","PORT HARCOURT INTERNATIONAL, NI","2020-12-21",,"28.2","34.0","22.0"
"NIM00065250","PORT HARCOURT INTERNATIONAL, NI","2020-12-22",,"28.6","34.4",
"NIM00065250","PORT HARCOURT INTERNATIONAL, NI","2020-12-23",,"28.0","33.8","22.7"
"NIM00065250","PORT HARCOURT INTERNATIONAL, NI","2020-12-24",,"27.2","34.0","22.0"
"NIM00065250","PORT HARCOURT INTERNATIONAL, NI","2020-12-25",,"28.2",,
"NIM00065250","PORT HARCOURT INTERNATIONAL, NI","2020-12-26",,"26.7","33.8",
"NIM00065250","PORT HARCOURT INTERNATIONAL, NI","2020-12-27",,"25.3","34.2",
"NIM00065250","PORT HARCOURT INTERNATIONAL, NI","2020-12-28",,"27.9","33.6","22.0"
"NIM00065250","PORT HARCOURT INTERNATIONAL, NI","2020-12-29",,"28.7",,"22.0"
"NIM00065250","PORT HARCOURT INTERNATIONAL, NI","2020-12-30",,"27.8","32.3","22.6"
"NIM00065250","PORT HARCOURT INTERNATIONAL, NI","2020-12-31",,"27.7","34.4","21.6"
"NIM00065250","PORT HARCOURT INTERNATIONAL, NI","2021-01-01",,"28.3",,"22.2"
"NIM00065250","PORT HARCOURT INTERNATIONAL, NI","2021-01-02",,"29.1","33.2",
"NIM00065250","PORT HARCOURT INTERNATIONAL, NI","2021-01-03",,"28.4","35.0","23.0"
"NIM00065250","PORT HARCOURT INTERNATIONAL, NI","2021-01-04",,"26.5","35.0","24.0"
"NIM00065250","PORT HARCOURT INTERNATIONAL, NI","2021-01-05",,"27.6",,
"NIM00065250","PORT HARCOURT INTERNATIONAL, NI","2021-01-06",,"27.8",,
"NIM00065250","PORT HARCOURT INTERNATIONAL, NI","2021-01-07",,"27.7",,
"NIM00065250","PORT HARCOURT INTERNATIONAL, NI","2021-01-08",,"26.6","34.7",
"NIM00065250","PORT HARCOURT INTERNATIONAL, NI","2021-01-09",,"28.0",,"22.0"
"NIM00065250","PORT HARCOURT INTERNATIONAL, NI","2021-01-10",,"28.2",,
"NIM00065250","PORT HARCOURT INTERNATIONAL, NI","2021-01-11",,"26.9",,"22.8"
"NIM00065250","PORT HARCOURT INTERNATIONAL, NI","2021-01-12",,"26.1","33.0","23.6"
"NIM00065250","PORT HARCOURT INTERNATIONAL, NI","2021-01-13",,"27.3",,"20.8"
"NIM00065250","PORT HARCOURT INTERNATIONAL, NI","2021-01-14",,"27.1",,
"NIM00065250","PORT HARCOURT INTERNATIONAL, NI","2021-01-15",,"27.3","33.8","22.5"
"NIM00065250","PORT HARCOURT INTERNATIONAL, NI","2021-01-16",,"26.8",,"20.8"
"NIM00065250","PORT HARCOURT INTERNATIONAL, NI","2021-01-17",,"26.8",,
"NIM00065250","PORT HARCOURT INTERNATIONAL, NI","2021-01-18",,"28.0","34.0",
"NIM00065250","PORT HARCOURT INTERNATIONAL, NI","2021-01-19",,"27.9","33.1",
"NIM00065250","PORT HARCOURT INTERNATIONAL, NI","2021-01-20",,"28.3",,
"NIM00065250","PORT HARCOURT INTERNATIONAL, NI","2021-01-21","0.0","25.3","33.0","19.2"
"NIM00065250","PORT HARCOURT INTERNATIONAL, NI","2021-01-22",,"26.0","33.6","19.1"
"NIM00065250","PORT HARCOURT INTERNATIONAL, NI","2021-01-23","33.5","26.0",,"19.2"
"NIM00065250","PORT HARCOURT INTERNATIONAL, NI","2021-01-24","0.0","26.6","33.6","20.0"
"NIM00065250","PORT HARCOURT INTERNATIONAL, NI","2021-01-25",,"29.1","33.8","23.0"
"NIM00065250","PORT HARCOURT INTERNATIONAL, NI","2021-01-26",,"29.4","34.9","23.0"
"NIM00065250","PORT HARCOURT INTERNATIONAL, NI","2021-01-27",,"28.7",,
"NIM00065250","PORT HARCOURT INTERNATIONAL, NI","2021-01-28",,"27.6",,"21.6"
"NIM00065250","PORT HARCOURT INTERNATIONAL, NI","2021-01-29","8.9","28.2",,
"NIM00065250","PORT HARCOURT INTERNATIONAL, NI","2021-01-30","0.0","30.2","34.2","22.5"
"NIM00065250","PORT HARCOURT INTERNATIONAL, NI","2021-01-31",,"29.0","35.5","23.0"
"NIM00065250","PORT HARCOURT INTERNATIONAL, NI","2021-02-01",,"28.6","35.5","23.9"
"NIM00065250","PORT HARCOURT INTERNATIONAL, NI","2021-02-02",,"29.1","34.0","23.5"
"NIM00065250","PORT HARCOURT INTERNATIONAL, NI","2021-02-03",,"27.7","34.6",
"NIM00065250","PORT HARCOURT INTERNATIONAL, NI","2021-02-04",,"28.1","35.2","22.0"
"NIM00065250","PORT HARCOURT INTERNATIONAL, NI","2021-02-05",,"28.8",,
"NIM00065250","PORT HARCOURT INTERNATIONAL, NI","2021-02-06",,"30.3",,
"NIM00065250","PORT HARCOURT INTERNATIONAL, NI","2021-02-07",,"29.3",,"24.0"
"NIM00065250","PORT HARCOURT INTERNATIONAL, NI","2021-02-08",,"28.3","35.4","24.0"
"NIM00065250","PORT HARCOURT INTERNATIONAL, NI","2021-02-09",,"28.4",,"23.6"
"NIM00065250","PORT HARCOURT INTERNATIONAL, NI","2021-02-10",,"26.4",,"23.0"
"NIM00065250","PORT HARCOURT INTERNATIONAL, NI","2021-02-13",,"31.9",,
"NIM00065250","PORT HARCOURT INTERNATIONAL, NI","2021-02-14",,"27.8",,
"NIM00065250","PORT HARCOURT INTERNATIONAL, NI","2021-02-15",,"27.4","34.4",
"NIM00065250","PORT HARCOURT INTERNATIONAL, NI","2021-02-16",,"29.0","35.8","23.0"
"NIM00065250","PORT HARCOURT INTERNATIONAL, NI","2021-02-17",,"28.9","35.5",
"NIM00065250","PORT HARCOURT INTERNATIONAL, NI","2021-02-18",,"29.1","35.6","22.5"
"NIM00065250","PORT HARCOURT INTERNATIONAL, NI","2021-02-19",,"25.0",,"20.6"
"NIM00065250","PORT HARCOURT INTERNATIONAL, NI","2021-02-21",,"28.6",,
"NIM00065250","PORT HARCOURT INTERNATIONAL, NI","2021-02-22",,"24.9","33.5","20.0"
"NIM00065250","PORT HARCOURT INTERNATIONAL, NI","2021-02-23",,"29.4","33.8",
"NIM00065250","PORT HARCOURT INTERNATIONAL, NI","2021-02-24",,"29.4","35.2",
"NIM00065250","PORT HARCOURT INTERNATIONAL, NI","2021-02-25",,"29.1",,"24.5"
"NIM00065250","PORT HARCOURT INTERNATIONAL, NI","2021-02-26",,"27.8",,
"NIM00065250","PORT HARCOURT INTERNATIONAL, NI","2021-02-27",,"29.1","34.8","22.6"
"NIM00065250","PORT HARCOURT INTERNATIONAL, NI","2021-02-28",,"27.2","35.8",
"NIM00065250","PORT HARCOURT INTERNATIONAL, NI","2021-03-01",,"29.7",,
"NIM00065250","PORT HARCOURT INTERNATIONAL, NI","2021-03-02",,"29.7",,"24.8"
"NIM00065250","PORT HARCOURT INTERNATIONAL, NI","2021-03-03",,"30.3","37.2",
"NIM00065250","PORT HARCOURT INTERNATIONAL, NI","2021-03-04",,"31.3","37.7","24.8"
"NIM00065250","PORT HARCOURT INTERNATIONAL, NI","2021-03-05",,"30.9","36.2",
"NIM00065250","PORT HARCOURT INTERNATIONAL, NI","2021-03-06",,"29.3","35.0",
"NIM00065250","PORT HARCOURT INTERNATIONAL, NI","2021-03-07",,"30.4",,"24.0"
"NIM00065250","PORT HARCOURT INTERNATIONAL, NI","2021-03-08",,"29.6",,
"NIM00065250","PORT HARCOURT INTERNATIONAL, NI","2021-03-09",,"28.4",,
"NIM00065250","PORT HARCOURT INTERNATIONAL, NI","2021-03-10",,"28.3","32.5","25.0"
"NIM00065250","PORT HARCOURT INTERNATIONAL, NI","2021-03-11",,"27.1",,
"NIM00065250","PORT HARCOURT INTERNATIONAL, NI","2021-03-12",,"27.6","33.0",
"NIM00065250","PORT HARCOURT INTERNATIONAL, NI","2021-03-13",,"26.8",,
"NIM00065250","PORT HARCOURT INTERNATIONAL, NI","2021-03-14",,"25.3",,"23.9"
"NIM00065250","PORT HARCOURT INTERNATIONAL, NI","2021-03-15","2.0","27.7","32.4","22.4"
"NIM00065250","PORT HARCOURT INTERNATIONAL, NI","2021-03-16","0.0","28.7",,"24.0"
"NIM00065250","PORT HARCOURT INTERNATIONAL, NI","2021-03-17",,"27.1",,
"NIM00065250","PORT HARCOURT INTERNATIONAL, NI","2021-03-18",,"26.9","31.2","23.8"
"NIM00065250","PORT HARCOURT INTERNATIONAL, NI","2021-03-19",,"25.2","28.4",
"NIM00065250","PORT HARCOURT INTERNATIONAL, NI","2021-03-20",,"26.4",,
"NIM00065250","PORT HARCOURT INTERNATIONAL, NI","2021-03-21",,"28.1","34.5","23.0"
"NIM00065250","PORT HARCOURT INTERNATIONAL, NI","2021-03-22",,"27.1","30.0","24.5"
"NIM00065250","PORT HARCOURT INTERNATIONAL, NI","2021-03-23",,"29.2","34.8","23.5"
"NIM00065250","PORT HARCOURT INTERNATIONAL, NI","2021-03-24",,"24.2","28.6",
"NIM00065250","PORT HARCOURT INTERNATIONAL, NI","2021-03-25",,"28.6",,"23.4"
"NIM00065250","PORT HARCOURT INTERNATIONAL, NI","2021-03-26",,"28.9",,
"NIM00065250","PORT HARCOURT INTERNATIONAL, NI","2021-03-27",,"27.3","31.4",
"NIM00065250","PORT HARCOURT INTERNATIONAL, NI","2021-03-28",,"29.1","35.0","24.0"
"NIM00065250","PORT HARCOURT INTERNATIONAL, NI","2021-03-29",,"28.2",,"25.0"
"NIM00065250","PORT HARCOURT INTERNATIONAL, NI","2021-03-30",,"28.6","34.4","24.5"
"NIM00065250","PORT HARCOURT INTERNATIONAL, NI","2021-03-31",,"29.8","35.0",
"NIM00065250","PORT HARCOURT INTERNATIONAL, NI","2021-04-01",,"28.5","35.0",
"NIM00065250","PORT HARCOURT INTERNATIONAL, NI","2021-04-02",,"27.1","34.8",
"NIM00065250","PORT HARCOURT INTERNATIONAL, NI","2021-04-03",,"26.7","33.3","24.0"
"NIM00065250","PORT HARCOURT INTERNATIONAL, NI","2021-04-04",,"28.9","35.8","23.0"
"NIM00065250","PORT HARCOURT INTERNATIONAL, NI","2021-04-05",,"27.6","35.0","24.8"
"NIM00065250","PORT HARCOURT INTERNATIONAL, NI","2021-04-06",,"28.4","35.4",
"NIM00065250","PORT HARCOURT INTERNATIONAL, NI","2021-04-07",,"29.3","35.6",
"NIM00065250","PORT HARCOURT INTERNATIONAL, NI","2021-04-08",,"26.2","33.2",
"NIM00065250","PORT HARCOURT INTERNATIONAL, NI","2021-04-09",,"27.3","32.8","22.8"
"NIM00065250","PORT HARCOURT INTERNATIONAL, NI","2021-04-10",,"29.9","35.0","24.0"
"NIM00065250","PORT HARCOURT INTERNATIONAL, NI","2021-04-11",,"29.3",,"25.2"
"NIM00065250","PORT HARCOURT INTERNATIONAL, NI","2021-04-12",,"28.8","34.4","22.5"
"NIM00065250","PORT HARCOURT INTERNATIONAL, NI","2021-04-13",,"26.4","34.2",
"NIM00065250","PORT HARCOURT INTERNATIONAL, NI","2021-04-14",,"25.6",,
"NIM00065250","PORT HARCOURT INTERNATIONAL, NI","2021-04-15",,"28.5","35.0",
"NIM00065250","PORT HARCOURT INTERNATIONAL, NI","2021-04-16",,"27.1",,"22.2"
"NIM00065250","PORT HARCOURT INTERNATIONAL, NI","2021-04-17",,"29.6","34.0","24.2"
"NIM00065250","PORT HARCOURT INTERNATIONAL, NI","2021-04-18",,"26.8","32.0","22.7"
"NIM00065250","PORT HARCOURT INTERNATIONAL, NI","2021-04-19",,"26.4","33.0","24.0"
"NIM00065250","PORT HARCOURT INTERNATIONAL, NI","2021-04-20",,"27.9","33.1",
"NIM00065250","PORT HARCOURT INTERNATIONAL, NI","2021-04-21",,"29.3",,"24.3"
"NIM00065250","PORT HARCOURT INTERNATIONAL, NI","2021-04-22",,"27.4","34.0",
"NIM00065250","PORT HARCOURT INTERNATIONAL, NI","2021-04-23",,"27.3",,
"NIM00065250","PORT HARCOURT INTERNATIONAL, NI","2021-04-24",,"26.8","29.4",
"NIM00065250","PORT HARCOURT INTERNATIONAL, NI","2021-04-25",,"28.9","33.5",
"NIM00065250","PORT HARCOURT INTERNATIONAL, NI","2021-04-26",,"29.4","35.0","24.5"
"NIM00065250","PORT HARCOURT INTERNATIONAL, NI","2021-04-27",,"27.6",,
"NIM00065250","PORT HARCOURT INTERNATIONAL, NI","2021-04-28",,"25.5",,"21.9"
"NIM00065250","PORT HARCOURT INTERNATIONAL, NI","2021-04-29","3.0","27.3",,"23.0"
"NIM00065250","PORT HARCOURT INTERNATIONAL, NI","2021-04-30","0.0","28.1",,
"NIM00065250","PORT HARCOURT INTERNATIONAL, NI","2021-05-01",,"28.4","33.0","24.5"
"NIM00065250","PORT HARCOURT INTERNATIONAL, NI","2021-05-02",,"27.6","33.6",
"NIM00065250","PORT HARCOURT INTERNATIONAL, NI","2021-05-03",,"26.0",,
"NIM00065250","PORT HARCOURT INTERNATIONAL, NI","2021-05-04",,"26.5","33.1","23.4"
"NIM00065250","PORT HARCOURT INTERNATIONAL, NI","2021-05-05",,"27.6","34.2",
"NIM00065250","PORT HARCOURT INTERNATIONAL, NI","2021-05-06",,"25.2","27.4",
"NIM00065250","PORT HARCOURT INTERNATIONAL, NI","2021-05-07",,"27.3","32.8",
"NIM00065250","PORT HARCOURT INTERNATIONAL, NI","2021-05-08",,"27.7","31.5",
"NIM00065250","PORT HARCOURT INTERNATIONAL, NI","2021-05-09","54.1","24.8","29.0","22.7"
"NIM00065250","PORT HARCOURT INTERNATIONAL, NI","2021-05-10",,"27.9",,"22.6"
"NIM00065250","PORT HARCOURT INTERNATIONAL, NI","2021-05-11",,"28.9","34.2",
"NIM00065250","PORT HARCOURT INTERNATIONAL, NI","2021-05-12",,"24.6","27.2",
"NIM00065250","PORT HARCOURT INTERNATIONAL, NI","2021-05-13",,"26.8","32.3","22.2"
"NIM00065250","PORT HARCOURT INTERNATIONAL, NI","2021-05-14",,"26.1","31.2",
"NIM00065250","PORT HARCOURT INTERNATIONAL, NI","2021-05-15",,"25.6","32.4",
"NIM00065250","PORT HARCOURT INTERNATIONAL, NI","2021-05-16",,"27.3",,"23.4"
"NIM00065250","PORT HARCOURT INTERNATIONAL, NI","2021-05-17",,"26.7",,
"NIM00065250","PORT HARCOURT INTERNATIONAL, NI","2021-05-18",,"27.3","32.6",
"NIM00065250","PORT HARCOURT INTERNATIONAL, NI","2021-05-19",,"26.9","33.8",
"NIM00065250","PORT HARCOURT INTERNATIONAL, NI","2021-05-20",,"25.3","28.2","22.0"
"NIM00065250","PORT HARCOURT INTERNATIONAL, NI","2021-05-21",,"27.6","33.0",
"NIM00065250","PORT HARCOURT INTERNATIONAL, NI","2021-05-22","2.3","24.7","28.2","22.4"
"NIM00065250","PORT HARCOURT INTERNATIONAL, NI","2021-05-23",,"27.8","33.0",
"NIM00065250","PORT HARCOURT INTERNATIONAL, NI","2021-05-24",,"28.3","32.8",
"NIM00065250","PORT HARCOURT INTERNATIONAL, NI","2021-05-25",,"27.2","33.5",
"NIM00065250","PORT HARCOURT INTERNATIONAL, NI","2021-05-26",,"27.3","32.2",
"NIM00065250","PORT HARCOURT INTERNATIONAL, NI","2021-05-27",,"26.9",,
"NIM00065250","PORT HARCOURT INTERNATIONAL, NI","2021-05-28",,"27.3","31.5",
"NIM00065250","PORT HARCOURT INTERNATIONAL, NI","2021-05-29",,"26.4","33.0",
"NIM00065250","PORT HARCOURT INTERNATIONAL, NI","2021-05-30",,"28.5","32.5",
"NIM00065250","PORT HARCOURT INTERNATIONAL, NI","2021-05-31",,"25.7","29.8",
"NIM00065250","PORT HARCOURT INTERNATIONAL, NI","2021-06-01",,"26.8",,"24.5"
"NIM00065250","PORT HARCOURT INTERNATIONAL, NI","2021-06-02",,"28.1",,
"NIM00065250","PORT HARCOURT INTERNATIONAL, NI","2021-06-03",,"28.2","33.5",
"NIM00065250","PORT HARCOURT INTERNATIONAL, NI","2021-06-04",,"26.9","32.2",
"NIM00065250","PORT HARCOURT INTERNATIONAL, NI","2021-06-05","13.0","25.1","31.2","21.8"
"NIM00065250","PORT HARCOURT INTERNATIONAL, NI","2021-06-06","0.0","25.4","30.0",
"NIM00065250","PORT HARCOURT INTERNATIONAL, NI","2021-06-07",,"26.1",,
"NIM00065250","PORT HARCOURT INTERNATIONAL, NI","2021-06-08",,"27.7",,
"NIM00065250","PORT HARCOURT INTERNATIONAL, NI","2021-06-10","38.1","27.7",,"22.8"
"NIM00065250","PORT HARCOURT INTERNATIONAL, NI","2021-06-11","0.0","24.3",,
"NIM00065250","PORT HARCOURT INTERNATIONAL, NI","2021-06-12","5.1","26.0","30.6","21.3"
"NIM00065250","PORT HARCOURT INTERNATIONAL, NI","2021-06-13","0.0","27.5",,
"NIM00065250","PORT HARCOURT INTERNATIONAL, NI","2021-06-14",,"27.7",,"25.0"
"NIM00065250","PORT HARCOURT INTERNATIONAL, NI","2021-06-15",,"25.1","28.2",
"NIM00065250","PORT HARCOURT INTERNATIONAL, NI","2021-06-16",,"25.1","32.4","23.0"
"NIM00065250","PORT HARCOURT INTERNATIONAL, NI","2021-06-17",,"26.8","33.0","22.4"
"NIM00065250","PORT HARCOURT INTERNATIONAL, NI","2021-06-18",,"23.7","31.7",
"NIM00065250","PORT HARCOURT INTERNATIONAL, NI","2021-06-19",,"25.8","29.6",
"NIM00065250","PORT HARCOURT INTERNATIONAL, NI","2021-06-20",,"26.7","32.2",
"NIM00065250","PORT HARCOURT INTERNATIONAL, NI","2021-06-21",,"25.3","31.2","23.0"
"NIM00065250","PORT HARCOURT INTERNATIONAL, NI","2021-06-24",,"27.7",,
"NIM00065250","PORT HARCOURT INTERNATIONAL, NI","2021-06-30",,"28.9",,
"NIM00065250","PORT HARCOURT INTERNATIONAL, NI","2021-07-01",,"26.3",,
"NIM00065250","PORT HARCOURT INTERNATIONAL, NI","2021-07-02",,"24.8",,
"NIM00065250","PORT HARCOURT INTERNATIONAL, NI","2021-07-03",,"25.5",,
"NIM00065250","PORT HARCOURT INTERNATIONAL, NI","2021-07-04",,"24.6","28.0",
"NIM00065250","PORT HARCOURT INTERNATIONAL, NI","2021-07-05",,"25.0",,
"NIM00065250","PORT HARCOURT INTERNATIONAL, NI","2021-07-06",,"27.4","31.8",
"NIM00065250","PORT HARCOURT INTERNATIONAL, NI","2021-07-07",,"25.6",,
"NIM00065250","PORT HARCOURT INTERNATIONAL, NI","2021-07-08",,"25.3",,
"NIM00065250","PORT HARCOURT INTERNATIONAL, NI","2021-07-09",,"25.9",,
"NIM00065250","PORT HARCOURT INTERNATIONAL, NI","2021-07-10","0.3","27.1","31.5","22.7"
"NIM00065250","PORT HARCOURT INTERNATIONAL, NI","2021-07-11","0.0","24.7",,"23.8"
"NIM00065250","PORT HARCOURT INTERNATIONAL, NI","2021-07-12",,"23.7",,
"NIM00065250","PORT HARCOURT INTERNATIONAL, NI","2021-07-14",,"27.2",,
"NIM00065250","PORT HARCOURT INTERNATIONAL, NI","2021-07-15",,"25.9",,"23.5"
"NIM00065250","PORT HARCOURT INTERNATIONAL, NI","2021-07-16",,"25.7","30.2",
"NIM00065250","PORT HARCOURT INTERNATIONAL, NI","2021-07-17",,"25.8",,
"NIM00065250","PORT HARCOURT INTERNATIONAL, NI","2021-07-18",,"25.6",,"23.6"
"NIM00065250","PORT HARCOURT INTERNATIONAL, NI","2021-07-19",,"25.7","28.0",
"NIM00065250","PORT HARCOURT INTERNATIONAL, NI","2021-07-20",,"27.2",,"24.0"
"NIM00065250","PORT HARCOURT INTERNATIONAL, NI","2021-07-21",,"28.0","31.4",
"NIM00065250","PORT HARCOURT INTERNATIONAL, NI","2021-07-22",,"25.6",,
"NIM00065250","PORT HARCOURT INTERNATIONAL, NI","2021-07-23",,"25.8","31.2",
"NIM00065250","PORT HARCOURT INTERNATIONAL, NI","2021-07-24",,"26.6",,
"NIM00065250","PORT HARCOURT INTERNATIONAL, NI","2021-07-25",,"27.4","31.0","21.4"
"NIM00065250","PORT HARCOURT INTERNATIONAL, NI","2021-07-26",,"27.6","31.5",
"NIM00065250","PORT HARCOURT INTERNATIONAL, NI","2021-07-27",,"25.0","31.5","21.6"
"NIM00065250","PORT HARCOURT INTERNATIONAL, NI","2021-07-28",,"26.0",,"23.0"
"NIM00065250","PORT HARCOURT INTERNATIONAL, NI","2021-07-29",,"27.8",,
"NIM00065250","PORT HARCOURT INTERNATIONAL, NI","2021-07-30",,"28.2","32.0","23.5"
"NIM00065250","PORT HARCOURT INTERNATIONAL, NI","2021-07-31",,"25.9","29.0",
"NIM00065250","PORT HARCOURT INTERNATIONAL, NI","2021-08-01",,"25.5",,
"NIM00065250","PORT HARCOURT INTERNATIONAL, NI","2021-08-02",,"26.5",,
"NIM00065250","PORT HARCOURT INTERNATIONAL, NI","2021-08-03",,"25.7","31.0","24.4"
"NIM00065250","PORT HARCOURT INTERNATIONAL, NI","2021-08-04","49.0","24.9","27.6",
"NIM00065250","PORT HARCOURT INTERNATIONAL, NI","2021-08-05",,"25.9","29.4",
"NIM00065250","PORT HARCOURT INTERNATIONAL, NI","2021-08-06",,"25.3",,
"NIM00065250","PORT HARCOURT INTERNATIONAL, NI","2021-08-07",,"24.9",,
"NIM00065250","PORT HARCOURT INTERNATIONAL, NI","2021-08-10","22.1","24.8",,
"NIM00065250","PORT HARCOURT INTERNATIONAL, NI","2021-08-11","0.0","24.6","29.0",
"NIM00065250","PORT HARCOURT INTERNATIONAL, NI","2021-08-12",,"24.9",,
"NIM00065250","PORT HARCOURT INTERNATIONAL, NI","2021-08-13",,"26.7",,
"NIM00065250","PORT HARCOURT INTERNATIONAL, NI","2021-08-14",,"26.4",,"23.4"
"NIM00065250","PORT HARCOURT INTERNATIONAL, NI","2021-08-15",,"26.3",,
"NIM00065250","PORT HARCOURT INTERNATIONAL, NI","2021-08-16",,"25.6",,
"NIM00065250","PORT HARCOURT INTERNATIONAL, NI","2021-08-17",,"25.0","29.0","23.4"
"NIM00065250","PORT HARCOURT INTERNATIONAL, NI","2021-08-18",,"24.9","29.2",
"NIM00065250","PORT HARCOURT INTERNATIONAL, NI","2021-08-19",,"23.3",,
"NIM00065250","PORT HARCOURT INTERNATIONAL, NI","2021-08-20","22.1","23.1",,
"NIM00065250","PORT HARCOURT INTERNATIONAL, NI","2021-08-21","0.0","24.3",,
"NIM00065250","PORT HARCOURT INTERNATIONAL, NI","2021-08-22",,"26.4","32.2","23.0"
"NIM00065250","PORT HARCOURT INTERNATIONAL, NI","2021-08-23","42.9","26.6","32.4","23.4"
"NIM00065250","PORT HARCOURT INTERNATIONAL, NI","2021-08-24","0.0","25.9","29.5","23.5"
"NIM00065250","PORT HARCOURT INTERNATIONAL, NI","2021-08-25",,"25.3",,
"NIM00065250","PORT HARCOURT INTERNATIONAL, NI","2021-08-26",,"25.0","29.0",
"NIM00065250","PORT HARCOURT INTERNATIONAL, NI","2021-08-27",,"24.1","31.4","23.0"
"NIM00065250","PORT HARCOURT INTERNATIONAL, NI","2021-08-29",,"27.7",,
"NIM00065250","PORT HARCOURT INTERNATIONAL, NI","2021-08-30",,"25.7","29.5",
"NIM00065250","PORT HARCOURT INTERNATIONAL, NI","2021-08-31","7.1","26.4",,"22.2"
"NIM00065250","PORT HARCOURT INTERNATIONAL, NI","2021-09-01",,"25.0",,
"NIM00065250","PORT HARCOURT INTERNATIONAL, NI","2021-09-02",,"23.1",,
"NIM00065250","PORT HARCOURT INTERNATIONAL, NI","2021-09-04","52.1","25.2","28.7","21.3"
"NIM00065250","PORT HARCOURT INTERNATIONAL, NI","2021-09-05","0.0","24.7","31.0",
"NIM00065250","PORT HARCOURT INTERNATIONAL, NI","2021-09-08",,"29.7",,
"NIM00065250","PORT HARCOURT INTERNATIONAL, NI","2021-09-09","0.0","28.1",,"23.7"
"NIM00065250","PORT HARCOURT INTERNATIONAL, NI","2021-09-11",,"22.9",,
"NIM00065250","PORT HARCOURT INTERNATIONAL, NI","2021-09-14","7.1","25.3","28.8","22.5"
"NIM00065250","PORT HARCOURT INTERNATIONAL, NI","2021-09-15","0.0","26.5",,
"NIM00065250","PORT HARCOURT INTERNATIONAL, NI","2021-09-16",,"26.6",,
"NIM00065250","PORT HARCOURT INTERNATIONAL, NI","2021-09-17",,"27.8",,
"NIM00065250","PORT HARCOURT INTERNATIONAL, NI","2021-09-19",,"25.7",,
"NIM00065250","PORT HARCOURT INTERNATIONAL, NI","2021-09-20",,"24.8",,"24.4"
"NIM00065250","PORT HARCOURT INTERNATIONAL, NI","2021-09-21",,"24.6",,
"NIM00065250","PORT HARCOURT INTERNATIONAL, NI","2021-09-23",,"26.8","31.2","22.8"
"NIM00065250","PORT HARCOURT INTERNATIONAL, NI","2021-09-24",,"24.6","27.4",
"NIM00065250","PORT HARCOURT INTERNATIONAL, NI","2021-09-25",,"23.0","28.7","22.4"
"NIM00065250","PORT HARCOURT INTERNATIONAL, NI","2021-09-26",,"23.1",,
"NIM00065250","PORT HARCOURT INTERNATIONAL, NI","2021-09-27","4.1","24.9","31.5","22.0"
"NIM00065250","PORT HARCOURT INTERNATIONAL, NI","2021-09-28","0.0","27.6",,
"NIM00065250","PORT HARCOURT INTERNATIONAL, NI","2021-09-29",,"24.9","29.2","23.2"
"NIM00065250","PORT HARCOURT INTERNATIONAL, NI","2021-09-30",,"25.1","29.8",
"NIM00065250","PORT HARCOURT INTERNATIONAL, NI","2021-10-01",,"24.8",,
"NIM00065250","PORT HARCOURT INTERNATIONAL, NI","2021-10-02",,"25.8",,
"NIM00065250","PORT HARCOURT INTERNATIONAL, NI","2021-10-03",,"26.4","30.7",
"NIM00065250","PORT HARCOURT INTERNATIONAL, NI","2021-10-04",,"25.4",,"23.5"
"NIM00065250","PORT HARCOURT INTERNATIONAL, NI","2021-10-05",,"26.1","31.5","24.0"
"NIM00065250","PORT HARCOURT INTERNATIONAL, NI","2021-10-06",,"25.0","27.5",
"NIM00065250","PORT HARCOURT INTERNATIONAL, NI","2021-10-07",,"26.8","30.0",
"NIM00065250","PORT HARCOURT INTERNATIONAL, NI","2021-10-08",,"25.7","32.0",
"NIM00065250","PORT HARCOURT INTERNATIONAL, NI","2021-10-09",,"23.6",,"22.4"
"NIM00065250","PORT HARCOURT INTERNATIONAL, NI","2021-10-10",,"24.8","28.5","23.0"
"NIM00065250","PORT HARCOURT INTERNATIONAL, NI","2021-10-11",,"26.7","31.2",
"NIM00065250","PORT HARCOURT INTERNATIONAL, NI","2021-10-14",,"27.1",,"23.0"
"NIM00065250","PORT HARCOURT INTERNATIONAL, NI","2021-10-15",,"26.7",,"23.6"
"NIM00065250","PORT HARCOURT INTERNATIONAL, NI","2021-10-16",,"24.7","32.8","22.7"
"NIM00065250","PORT HARCOURT INTERNATIONAL, NI","2021-10-17",,"24.9","29.0","22.5"
"NIM00065250","PORT HARCOURT INTERNATIONAL, NI","2021-10-18",,"26.8","32.2",
"NIM00065250","PORT HARCOURT INTERNATIONAL, NI","2021-10-19",,"25.0",,
"NIM00065250","PORT HARCOURT INTERNATIONAL, NI","2021-10-21",,"26.4","32.7",
"NIM00065250","PORT HARCOURT INTERNATIONAL, NI","2021-10-22",,"23.6","25.5","22.0"
"NIM00065250","PORT HARCOURT INTERNATIONAL, NI","2021-10-26",,"24.1","33.2","23.0"
"NIM00065250","PORT HARCOURT INTERNATIONAL, NI","2021-10-27",,"24.9","32.6",
"NIM00065250","PORT HARCOURT INTERNATIONAL, NI","2021-10-28",,"24.1",,
"NIM00065250","PORT HARCOURT INTERNATIONAL, NI","2021-10-29","7.1","25.2","33.3","22.8"
"NIM00065250","PORT HARCOURT INTERNATIONAL, NI","2021-10-30","0.0","26.3","32.0","23.7"
"NIM00065250","PORT HARCOURT INTERNATIONAL, NI","2021-10-31",,"27.2",,"24.4"
"NIM00065250","PORT HARCOURT INTERNATIONAL, NI","2021-11-01",,"25.2","31.6",
"NIM00065250","PORT HARCOURT INTERNATIONAL, NI","2021-11-03",,"26.7",,
"NIM00065250","PORT HARCOURT INTERNATIONAL, NI","2021-11-04",,"24.7",,"22.2"
"NIM00065250","PORT HARCOURT INTERNATIONAL, NI","2021-11-05",,"26.6","30.5",
"NIM00065250","PORT HARCOURT INTERNATIONAL, NI","2021-11-06",,"26.4",,
"NIM00065250","PORT HARCOURT INTERNATIONAL, NI","2021-11-07",,"26.9","31.6",
"NIM00065250","PORT HARCOURT INTERNATIONAL, NI","2021-11-08",,"26.8",,
"NIM00065250","PORT HARCOURT INTERNATIONAL, NI","2021-11-09",,"25.3","31.8","22.4"
"NIM00065250","PORT HARCOURT INTERNATIONAL, NI","2021-11-10",,"25.8",,"22.5"
"NIM00065250","PORT HARCOURT INTERNATIONAL, NI","2021-11-11",,"24.5","28.8",
"NIM00065250","PORT HARCOURT INTERNATIONAL, NI","2021-11-12",,"26.9",,
"NIM00065250","PORT HARCOURT INTERNATIONAL, NI","2021-11-13",,"27.5",,"23.8"
"NIM00065250","PORT HARCOURT INTERNATIONAL, NI","2021-11-15",,"24.6","33.1","22.3"
"NIM00065250","PORT HARCOURT INTERNATIONAL, NI","2021-11-16",,"26.2","31.3",
"NIM00065250","PORT HARCOURT INTERNATIONAL, NI","2021-11-18",,"26.2",,"23.0"
"NIM00065250","PORT HARCOURT INTERNATIONAL, NI","2021-11-19",,"25.8",,"23.2"
"NIM00065250","PORT HARCOURT INTERNATIONAL, NI","2021-11-20",,"24.4",,"22.0"
"NIM00065250","PORT HARCOURT INTERNATIONAL, NI","2021-11-21",,"28.0",,
"NIM00065250","PORT HARCOURT INTERNATIONAL, NI","2021-11-22",,"25.3",,
"NIM00065250","PORT HARCOURT INTERNATIONAL, NI","2021-11-23",,"24.3","30.4",
"NIM00065250","PORT HARCOURT INTERNATIONAL, NI","2021-11-24",,"26.2","30.3","22.5"
"NIM00065250","PORT HARCOURT INTERNATIONAL, NI","2021-11-27",,"25.5","30.4",
"NIM00065250","PORT HARCOURT INTERNATIONAL, NI","2021-11-28",,"26.3",,"23.1"
"NIM00065250","PORT HARCOURT INTERNATIONAL, NI","2021-11-29",,"25.6","32.6",
"NIM00065250","PORT HARCOURT INTERNATIONAL, NI","2021-11-30",,"26.6","31.2","23.8"
"NIM00065250","PORT HARCOURT INTERNATIONAL, NI","2021-12-01",,"27.1",,
"NIM00065250","PORT HARCOURT INTERNATIONAL, NI","2021-12-02",,"26.9","32.3",
"NIM00065250","PORT HARCOURT INTERNATIONAL, NI","2021-12-03",,"27.1","32.0","22.6"
"NIM00065250","PORT HARCOURT INTERNATIONAL, NI","2021-12-04",,"28.8",,"23.2"
"NIM00065250","PORT HARCOURT INTERNATIONAL, NI","2021-12-05",,"26.9",,"24.4"
"NIM00065250","PORT HARCOURT INTERNATIONAL, NI","2021-12-06",,"26.9",,
"NIM00065250","PORT HARCOURT INTERNATIONAL, NI","2021-12-08",,"27.9","32.6",
"NIM00065250","PORT HARCOURT INTERNATIONAL, NI","2021-12-10",,"26.1","33.1",
"NIM00065250","PORT HARCOURT INTERNATIONAL, NI","2021-12-11",,"27.8","34.0","22.3"
"NIM00065250","PORT HARCOURT INTERNATIONAL, NI","2021-12-12",,"28.2",,
"NIM00065250","PORT HARCOURT INTERNATIONAL, NI","2021-12-13",,"29.6","35.0","23.6"
"NIM00065250","PORT HARCOURT INTERNATIONAL, NI","2021-12-14",,"28.6","34.2","23.8"
"NIM00065250","PORT HARCOURT INTERNATIONAL, NI","2021-12-16",,"28.2","34.2",
"NIM00065250","PORT HARCOURT INTERNATIONAL, NI","2021-12-17",,"26.2",,
"NIM00065250","PORT HARCOURT INTERNATIONAL, NI","2021-12-21",,"27.6",,
"NIM00065250","PORT HARCOURT INTERNATIONAL, NI","2021-12-27",,"27.8",,"22.9"
"NIM00065250","PORT HARCOURT INTERNATIONAL, NI","2021-12-28",,"26.7",,
"NIM00065250","PORT HARCOURT INTERNATIONAL, NI","2021-12-29",,"26.7","32.5",
"NIM00065250","PORT HARCOURT INTERNATIONAL, NI","2022-01-01",,"26.5",,
"NIM00065250","PORT HARCOURT INTERNATIONAL, NI","2022-01-02",,"26.3",,
"NIM00065250","PORT HARCOURT INTERNATIONAL, NI","2022-01-03",,"25.8",,
"NIM00065250","PORT HARCOURT INTERNATIONAL, NI","2022-01-04",,"28.1","33.8",
"NIM00065250","PORT HARCOURT INTERNATIONAL, NI","2022-01-05",,"27.0",,"20.5"
"NIM00065250","PORT HARCOURT INTERNATIONAL, NI","2022-01-06",,"25.0","35.5",
"NIM00065250","PORT HARCOURT INTERNATIONAL, NI","2022-01-07",,"27.5",,"23.7"
"NIM00065250","PORT HARCOURT INTERNATIONAL, NI","2022-01-08",,"27.1",,"22.9"
"NIM00065250","PORT HARCOURT INTERNATIONAL, NI","2022-01-09","29.0","24.2",,
"NIM00065250","PORT HARCOURT INTERNATIONAL, NI","2022-01-10","21.1","26.5","34.2",
"NIM00065250","PORT HARCOURT INTERNATIONAL, NI","2022-01-11","0.0","27.6",,
"NIM00065250","PORT HARCOURT INTERNATIONAL, NI","2022-01-12",,"29.7",,
"NIM00065250","PORT HARCOURT INTERNATIONAL, NI","2022-01-13",,"27.4",,
